Jugador,Nacionalidad,Club,Pais_Club
Matěj Kovář,República Checa,PSV Eindhoven,Países Bajos
David Zima,República Checa,Slavia Praga,República Checa
Tomáš Holeš,República Checa,Slavia Praga,República Checa
Robin Hranáč,República Checa,TSG Hoffenheim,Alemania
Vladimír Coufal,República Checa,TSG Hoffenheim,Alemania
Štěpán Chaloupek,República Checa,Slavia Praga,República Checa
Ladislav Krejčí,República Checa,Wolverhampton Wanderers,Inglaterra
Vladimír Darida,República Checa,Hradec Králové,República Checa
Adam Hložek,República Checa,TSG Hoffenheim,Alemania
Patrik Schick,República Checa,Bayer Leverkusen,Alemania
Jan Kuchta,República Checa,Sparta Praga,República Checa
Lukáš Červ,República Checa,Viktoria Plzeň,República Checa
Mojmír Chytil,República Checa,Slavia Praga,República Checa
David Jurásek,República Checa,Slavia Praga,República Checa
Pavel Šulc,República Checa,Lyon,Francia
Jindřich Staněk,República Checa,Slavia Praga,República Checa
Lukáš Provod,República Checa,Slavia Praga,República Checa
Michal Sadílek,República Checa,Slavia Praga,República Checa
Lukáš Horníček,República Checa,Braga,Portugal
Jaroslav Zelený,República Checa,Sparta Praga,República Checa
David Douděra,República Checa,Slavia Praga,República Checa
Tomáš Souček,República Checa,West Ham United,Inglaterra
Alexandr Sojka,República Checa,Viktoria Plzeň,República Checa
Hugo Sochůrek,República Checa,Sparta Praga,República Checa
Tomáš Chorý,República Checa,Slavia Praga,República Checa
Denis Višinský,República Checa,Viktoria Plzeň,República Checa
Raúl Rangel,México,Guadalajara,México
Jorge Sánchez,México,PAOK,Grecia
César Montes,México,Lokomotiv Moscú,Rusia
Edson Álvarez,México,Fenerbahçe,Turquía
Johan Vásquez,México,Genoa,Italia
Érik Lira,México,Cruz Azul,México
Luis Romo,México,Guadalajara,México
Álvaro Fidalgo,México,Real Betis,España
Raúl Jiménez,México,Fulham,Inglaterra
Alexis Vega,México,Toluca,México
Santiago Giménez,México,Milan,Italia
Carlos Acevedo,México,Santos Laguna,México
Guillermo Ochoa,México,AEL Limassol,Chipre
Armando González,México,Guadalajara,México
Israel Reyes,México,América,México
Julián Quiñones,México,Al-Qadsiah,Arabia Saudita
Orbelín Pineda,México,AEK Atenas,Grecia
Obed Vargas,México,Atlético de Madrid,España
Gilberto Mora,México,Tijuana,México
Mateo Chávez,México,AZ Alkmaar,Países Bajos
César Huerta,México,Anderlecht,Bélgica
Guillermo Martínez,México,Pumas UNAM,México
Jesús Gallardo,México,Toluca,México
Luis Chávez,México,Dynamo Moscú,Rusia
Roberto Alvarado,México,Guadalajara,México
Brian Gutiérrez,México,Guadalajara,México
Ronwen Williams,Sudáfrica,Mamelodi Sundowns,Sudáfrica
Sipho Chaine,Sudáfrica,Orlando Pirates,Sudáfrica
Ricardo Goss,Sudáfrica,Siwelele,Sudáfrica
Thabang Matuludi,Sudáfrica,Polokwane City,Sudáfrica
Khulumani Ndamane,Sudáfrica,Mamelodi Sundowns,Sudáfrica
Aubrey Modiba,Sudáfrica,Mamelodi Sundowns,Sudáfrica
Mbekezeli Mbokazi,Sudáfrica,Chicago Fire FC,Estados Unidos
Samukele Kabini,Sudáfrica,Molde FK,Noruega
Nkosinathi Sibisi,Sudáfrica,Orlando Pirates,Sudáfrica
Khuliso Mudau,Sudáfrica,Mamelodi Sundowns,Sudáfrica
Ime Okon,Sudáfrica,Hannover 96,Alemania
Olwethu Makhanya,Sudáfrica,Philadelphia Union,Estados Unidos
Bradley Cross,Sudáfrica,Kaizer Chiefs,Sudáfrica
Teboho Mokoena,Sudáfrica,Mamelodi Sundowns,Sudáfrica
Thalente Mbatha,Sudáfrica,Orlando Pirates,Sudáfrica
Themba Zwane,Sudáfrica,Mamelodi Sundowns,Sudáfrica
Sphephelo Sithole,Sudáfrica,Tondela,Portugal
Jayden Adams,Sudáfrica,Mamelodi Sundowns,Sudáfrica
Oswin Appollis,Sudáfrica,Orlando Pirates,Sudáfrica
Tshepang Moremi,Sudáfrica,Orlando Pirates,Sudáfrica
Lyle Foster,Sudáfrica,Burnley,Inglaterra
Relebohile Mofokeng,Sudáfrica,Orlando Pirates,Sudáfrica
Thapelo Maseko,Sudáfrica,AEL Limassol,Chipre
Iqraam Rayners,Sudáfrica,Mamelodi Sundowns,Sudáfrica
Evidence Makgopa,Sudáfrica,Orlando Pirates,Sudáfrica
Kamogelo Sebelebele,Sudáfrica,Orlando Pirates,Sudáfrica
Kim Seung-gyu,Corea del Sur,FC Tokyo,Japón
Song Bum-keun,Corea del Sur,Jeonbuk Hyundai Motors,Corea del Sur
Jo Hyeon-woo,Corea del Sur,Ulsan HD,Corea del Sur
Lee Han-beom,Corea del Sur,Midtjylland,Dinamarca
Kim Min-jae,Corea del Sur,Bayern Múnich,Alemania
Kim Tae-hyeon,Corea del Sur,Kashima Antlers,Japón
Lee Tae-seok,Corea del Sur,Austria Wien,Austria
Cho Wi-je,Corea del Sur,Jeonbuk Hyundai Motors,Corea del Sur
Kim Moon-hwan,Corea del Sur,Daejeon Hana Citizen,Corea del Sur
Park Jin-seob,Corea del Sur,Zhejiang FC,China
Seol Young-woo,Corea del Sur,Estrella Roja de Belgrado,Serbia
Jens Castrop,Corea del Sur,Borussia Mönchengladbach,Alemania
Lee Gi-hyuk,Corea del Sur,Gangwon FC,Corea del Sur
Hwang In-beom,Corea del Sur,Feyenoord,Países Bajos
Paik Seung-ho,Corea del Sur,Birmingham City,Inglaterra
Lee Jae-sung,Corea del Sur,Mainz 05,Alemania
Hwang Hee-chan,Corea del Sur,Wolverhampton Wanderers,Inglaterra
Bae Jun-ho,Corea del Sur,Stoke City,Inglaterra
Lee Kang-in,Corea del Sur,Paris Saint-Germain,Francia
Yang Hyun-jun,Corea del Sur,Celtic,Escocia
Kim Jin-gyu,Corea del Sur,Jeonbuk Hyundai Motors,Corea del Sur
Eom Ji-sung,Corea del Sur,Swansea City,Inglaterra
Lee Dong-gyeong,Corea del Sur,Ulsan HD,Corea del Sur
Son Heung-min,Corea del Sur,Los Angeles FC,Estados Unidos
Cho Gue-sung,Corea del Sur,Midtjylland,Dinamarca
Oh Hyeon-gyu,Corea del Sur,Beşiktaş,Turquía
Nikola Vasilj,Bosnia y Herzegovina,FC St. Pauli,Alemania
Mladen Jurkas,Bosnia y Herzegovina,Borac Banja Luka,Bosnia y Herzegovina
Martin Zlomislić,Bosnia y Herzegovina,Rijeka,Croacia
Nihad Mujakić,Bosnia y Herzegovina,Gaziantep,Turquía
Dennis Hadžikadunić,Bosnia y Herzegovina,Sampdoria,Italia
Tarik Muharemović,Bosnia y Herzegovina,Sassuolo,Italia
Sead Kolašinac,Bosnia y Herzegovina,Atalanta,Italia
Amar Dedić,Bosnia y Herzegovina,Benfica,Portugal
Nikola Katić,Bosnia y Herzegovina,Schalke 04,Alemania
Stjepan Radeljić,Bosnia y Herzegovina,Rijeka,Croacia
Arjan Malić,Bosnia y Herzegovina,Sturm Graz,Austria
Benjamin Tahirović,Bosnia y Herzegovina,Brøndby,Dinamarca
Armin Gigović,Bosnia y Herzegovina,Young Boys,Suiza
Ivan Bašić,Bosnia y Herzegovina,Astana,Kazajistán
Ivan Šunjić,Bosnia y Herzegovina,Pafos FC,Chipre
Amar Memić,Bosnia y Herzegovina,Viktoria Plzeň,República Checa
Amir Hadžiahmetović,Bosnia y Herzegovina,Hull City,Inglaterra
Dženis Burnić,Bosnia y Herzegovina,Karlsruher SC,Alemania
Ermin Mahmić,Bosnia y Herzegovina,Slovan Liberec,República Checa
Samed Baždar,Bosnia y Herzegovina,Jagiellonia Białystok,Polonia
Ermedin Demirović,Bosnia y Herzegovina,VfB Stuttgart,Alemania
Edin Džeko,Bosnia y Herzegovina,Schalke 04,Alemania
Kerim Alajbegović,Bosnia y Herzegovina,Red Bull Salzburg,Austria
Esmir Bajraktarević,Bosnia y Herzegovina,PSV Eindhoven,Países Bajos
Haris Tabaković,Bosnia y Herzegovina,Borussia Mönchengladbach,Alemania
Jovo Lukić,Bosnia y Herzegovina,Universitatea Cluj,Rumania
Dayne St. Clair,Canadá,Inter Miami CF,Estados Unidos
Maxime Crépeau,Canadá,Orlando City SC,Estados Unidos
Owen Goodman,Canadá,Barnsley,Inglaterra
Alistair Johnston,Canadá,Celtic,Escocia
Derek Cornelius,Canadá,Marseille,Francia
Richie Laryea,Canadá,Toronto FC,Canadá
Niko Sigur,Canadá,Hajduk Split,Croacia
Joel Waterman,Canadá,Chicago Fire FC,Estados Unidos
Luc De Fougerolles,Canadá,FCV Dender,Bélgica
Moïse Bombito,Canadá,Nice,Francia
Alphonso Davies,Canadá,Bayern Múnich,Alemania
Alfie Jones,Canadá,Middlesbrough,Inglaterra
Stephen Eustáquio,Canadá,Porto,Portugal
Ismaël Koné,Canadá,Sassuolo,Italia
Tajon Buchanan,Canadá,Villarreal,España
Mathieu Choinière,Canadá,Los Angeles FC,Estados Unidos
Ali Ahmed,Canadá,Norwich City,Inglaterra
Nathan Saliba,Canadá,Anderlecht,Bélgica
Liam Millar,Canadá,Hull City,Inglaterra
Jacob Shaffelburg,Canadá,Los Angeles FC,Estados Unidos
Jonathan Osorio,Canadá,Toronto FC,Canadá
Jayden Nelson,Canadá,Austin FC,Estados Unidos
Jonathan David,Canadá,Juventus,Italia
Cyle Larin,Canadá,Southampton,Inglaterra
Tani Oluwaseyi,Canadá,Villarreal,España
Promise David,Canadá,Union Saint-Gilloise,Bélgica
Salah Zakaria,Catar,Al Duhail,Catar
Mahmoud Abunada,Catar,Al Rayyan,Catar
Meshaal Barsham,Catar,Al Sadd,Catar
Hashmi Hussein,Catar,Al Arabi,Catar
Ayoub Alawi,Catar,Al Gharafa,Catar
Boualem Khoukhi,Catar,Al Sadd,Catar
Pedro Miguel,Catar,Al Sadd,Catar
Issa Laye,Catar,Al Arabi,Catar
Lucas Mendes,Catar,Al Wakrah,Catar
Sultan Al-Brake,Catar,Al Duhail,Catar
Homam Al-Amin,Catar,Cultural Leonesa,España
Mohammed Al-Manai,Catar,Al Shamal,Catar
Jassem Jaber,Catar,Al Arabi,Catar
Karim Boudiaf,Catar,Al Duhail,Catar
Ahmed Fathi,Catar,Al Arabi,Catar
Abdulaziz Hatem,Catar,Al Rayyan,Catar
Assim Madibo,Catar,Al Wakrah,Catar
Tahseen Mohammed,Catar,Al Duhail,Catar
Edmilson Junior,Catar,Al Duhail,Catar
Almoez Ali,Catar,Al Duhail,Catar
Akram Afif,Catar,Al Sadd,Catar
Mohammed Muntari,Catar,Al Gharafa,Catar
Youssef Abdulrazzaq,Catar,Al Wakrah,Catar
Ahmed Alaa,Catar,Al Rayyan,Catar
Hassan Al-Haydos,Catar,Al Sadd,Catar
Ahmed Al-Janahi,Catar,Al Gharafa,Catar
Marvin Keller,Suiza,Young Boys,Suiza
Gregor Kobel,Suiza,Borussia Dortmund,Alemania
Yvon Mvogo,Suiza,Lorient,Francia
Manuel Akanji,Suiza,Inter de Milán,Italia
Aurèle Amenda,Suiza,Eintracht Frankfurt,Alemania
Eray Cömert,Suiza,Valencia,España
Nico Elvedi,Suiza,Borussia Mönchengladbach,Alemania
Luca Jaquez,Suiza,Stuttgart,Alemania
Miro Muheim,Suiza,Hamburger SV,Alemania
Ricardo Rodríguez,Suiza,Real Betis,España
Silvan Widmer,Suiza,Mainz 05,Alemania
Michel Aebischer,Suiza,Pisa,Italia
Remo Freuler,Suiza,Bologna,Italia
Ardon Jashari,Suiza,AC Milan,Italia
Fabian Rieder,Suiza,Augsburg,Alemania
Djibril Sow,Suiza,Sevilla,España
Granit Xhaka,Suiza,Sunderland,Inglaterra
Denis Zakaria,Suiza,Monaco,Francia
Zeki Amdouni,Suiza,Burnley,Inglaterra
Breel Embolo,Suiza,Rennes,Francia
Dan Ndoye,Suiza,Nottingham Forest,Inglaterra
Noah Okafor,Suiza,Leeds United,Inglaterra
Rubén Vargas,Suiza,Sevilla,España
Christian Fassnacht,Suiza,Young Boys,Suiza
Cedric Itten,Suiza,Fortuna Düsseldorf,Alemania
Johan Manzambi,Suiza,Freiburg,Alemania
Alisson,Brasil,Liverpool,Inglaterra
Ederson,Brasil,Fenerbahçe,Turquía
Weverton,Brasil,Grêmio,Brasil
Alex Sandro,Brasil,Flamengo,Brasil
Bremer,Brasil,Juventus,Italia
Danilo,Brasil,Flamengo,Brasil
Douglas Santos,Brasil,Zenit,Rusia
Gabriel Magalhães,Brasil,Arsenal,Inglaterra
Roger Ibañez,Brasil,Al Ahli,Arabia Saudita
Léo Pereira,Brasil,Flamengo,Brasil
Marquinhos,Brasil,Paris Saint-Germain,Francia
Wesley,Brasil,Roma,Italia
Bruno Guimarães,Brasil,Newcastle United,Inglaterra
Casemiro,Brasil,Manchester United,Inglaterra
Danilo Santos,Brasil,Botafogo,Brasil
Fabinho,Brasil,Al Ittihad,Arabia Saudita
Lucas Paquetá,Brasil,Flamengo,Brasil
Endrick,Brasil,Lyon,Francia
Gabriel Martinelli,Brasil,Arsenal,Inglaterra
Igor Thiago,Brasil,Brentford,Inglaterra
Luiz Henrique,Brasil,Zenit,Rusia
Matheus Cunha,Brasil,Manchester United,Inglaterra
Neymar Junior,Brasil,Santos,Brasil
Raphinha,Brasil,Barcelona,España
Rayan,Brasil,Bournemouth,Inglaterra
Vinicius Junior,Brasil,Real Madrid,España
Yassine Bounou,Marruecos,Al-Hilal,Arabia Saudita
Munir El Kajoui,Marruecos,RS Berkane,Marruecos
Ahmed Reda Tagnaouti,Marruecos,ASFAR,Marruecos
Achraf Hakimi,Marruecos,Paris Saint-Germain,Francia
Noussair Mazraoui,Marruecos,Manchester United,Inglaterra
Nayef Aguerd,Marruecos,Marseille,Francia
Zakaria El Ouahdi,Marruecos,Genk,Bélgica
Issa Diop,Marruecos,Fulham,Inglaterra
Chadi Riad,Marruecos,Crystal Palace,Inglaterra
Youssef Belammari,Marruecos,Al Ahly,Egipto
Redouane Halhal,Marruecos,KV Mechelen,Bélgica
Anass Salah Eddine,Marruecos,PSV Eindhoven,Países Bajos
Sofyan Amrabat,Marruecos,Real Betis,España
Ayyoub Bouaddi,Marruecos,Lille,Francia
Chemsdine Talbi,Marruecos,Sunderland,Inglaterra
Azzedine Ounahi,Marruecos,Girona,España
Ismael Saibari,Marruecos,PSV Eindhoven,Países Bajos
Samir El Mourabet,Marruecos,Strasbourg,Francia
Yassine Gessime,Marruecos,Strasbourg,Francia
Bilal El Khannouss,Marruecos,VfB Stuttgart,Alemania
Neil El Aynaoui,Marruecos,Roma,Italia
Soufiane Rahimi,Marruecos,Al-Ain,Emiratos Árabes Unidos
Brahim Diaz,Marruecos,Real Madrid,España
Abde Ezzalzouli,Marruecos,Real Betis,España
Ayoub El Kaabi,Marruecos,Olympiacos,Grecia
Ayoub Amaimouni,Marruecos,Eintracht Frankfurt,Alemania
Johnny Placide,Haití,Bastia,Francia
Alexandre Pierre,Haití,Sochaux,Francia
Josue Duverger,Haití,Cosmos Koblenz,Alemania
Carlens Arcus,Haití,Angers,Francia
Wilguens Pauguain,Haití,Zulte Waregem,Bélgica
Duke Lacroix,Haití,Colorado Springs Switchbacks,Estados Unidos
Martin Experience,Haití,Nancy,Francia
Jean-Kevin Duverne,Haití,Gent,Bélgica
Ricardo Ade,Haití,LDU Quito,Ecuador
Hannes Delcroix,Haití,Lugano,Suiza
Keeto Thermoncy,Haití,Young Boys,Suiza
Leverton Pierre,Haití,Vizela,Portugal
Carl-Fred Sainthe,Haití,El Paso Locomotive,Estados Unidos
Jean-Jacques Danley,Haití,Philadelphia Union,Estados Unidos
Jean-Ricner Bellegarde,Haití,Wolverhampton Wanderers,Inglaterra
Pierre Woodenski,Haití,Violette,Haití
Dominique Simon,Haití,Tatran Presov,Eslovaquia
Louicius Deedson,Haití,Dallas,Estados Unidos
Ruben Providence,Haití,Almere City,Países Bajos
Josue Casimir,Haití,Auxerre,Francia
Derrick Etienne,Haití,Toronto FC,Canadá
Wilson Isidor,Haití,Sunderland,Inglaterra
Duckens Nazon,Haití,Esteghlal,Irán
Frantzdy Pierrot,Haití,Caykur Rizespor,Turquía
Yassin Fortune,Haití,Vizela,Portugal
Lenny Joseph,Haití,Ferencváros,Hungría
Chris Brady,Estados Unidos,Chicago Fire,Estados Unidos
Matt Freese,Estados Unidos,New York City FC,Estados Unidos
Matt Turner,Estados Unidos,New England Revolution,Estados Unidos
Max Arfsten,Estados Unidos,Columbus Crew,Estados Unidos
Sergiño Dest,Estados Unidos,PSV Eindhoven,Países Bajos
Alex Freeman,Estados Unidos,Villarreal,España
Mark McKenzie,Estados Unidos,Toulouse,Francia
Tim Ream,Estados Unidos,Charlotte FC,Estados Unidos
Chris Richards,Estados Unidos,Crystal Palace,Inglaterra
Antonee Robinson,Estados Unidos,Fulham,Inglaterra
Miles Robinson,Estados Unidos,Cincinnati,Estados Unidos
Joe Scally,Estados Unidos,Borussia Mönchengladbach,Alemania
Auston Trusty,Estados Unidos,Celtic,Escocia
Tyler Adams,Estados Unidos,Bournemouth,Inglaterra
Sebastian Berhalter,Estados Unidos,Vancouver Whitecaps,Canadá
Weston McKennie,Estados Unidos,Juventus,Italia
Cristian Roldan,Estados Unidos,Seattle Sounders,Estados Unidos
Brenden Aaronson,Estados Unidos,Leeds United,Inglaterra
Christian Pulisic,Estados Unidos,AC Milan,Italia
Gio Reyna,Estados Unidos,Borussia Mönchengladbach,Alemania
Malik Tillman,Estados Unidos,Bayer Leverkusen,Alemania
Tim Weah,Estados Unidos,Marseille,Francia
Alejandro Zendejas,Estados Unidos,Real Betis,España
Folarin Balogun,Estados Unidos,Monaco,Francia
Ricardo Pepi,Estados Unidos,PSV Eindhoven,Países Bajos
Haji Wright,Estados Unidos,Coventry City,Inglaterra
Oliver Baumann,Alemania,Hoffenheim,Alemania
Manuel Neuer,Alemania,Bayern Múnich,Alemania
Alexander Nübel,Alemania,Monaco,Francia
Waldemar Anton,Alemania,Borussia Dortmund,Alemania
Nathaniel Brown,Alemania,Eintracht Frankfurt,Alemania
Joshua Kimmich,Alemania,Bayern Múnich,Alemania
David Raum,Alemania,RB Leipzig,Alemania
Antonio Rüdiger,Alemania,Real Madrid,España
Nico Schlotterbeck,Alemania,Borussia Dortmund,Alemania
Jonathan Tah,Alemania,Bayern Múnich,Alemania
Malick Thiaw,Alemania,Newcastle United,Inglaterra
Nadiem Amiri,Alemania,Mainz 05,Alemania
Leon Goretzka,Alemania,Bayern Múnich,Alemania
Pascal Gross,Alemania,Brighton,Inglaterra
Jamie Leweling,Alemania,Stuttgart,Alemania
Lennart Karl,Alemania,Bayern Múnich,Alemania
Jamal Musiala,Alemania,Bayern Múnich,Alemania
Felix Nmecha,Alemania,Borussia Dortmund,Alemania
Alexander Pavlovic,Alemania,Bayern Múnich,Alemania
Angelo Stiller,Alemania,Stuttgart,Alemania
Florian Wirtz,Alemania,Liverpool,Inglaterra
Maximilian Beier,Alemania,Borussia Dortmund,Alemania
Kai Havertz,Alemania,Arsenal,Inglaterra
Leroy Sané,Alemania,Galatasaray,Turquía
Denis Undav,Alemania,Stuttgart,Alemania
Nick Woltemade,Alemania,Newcastle United,Inglaterra
Tyrick Bodack,Curaçao,SC Telstar,Países Bajos
Trevor Doornbusch,Curaçao,VVV-Venlo,Países Bajos
Eloy Room,Curaçao,Miami FC,Estados Unidos
Riechedly Bazoer,Curaçao,Konyaspor,Turquía
Joshua Brenet,Curaçao,Kayserispor,Turquía
Roshon van Eijma,Curaçao,RKC Waalwijk,Países Bajos
Sherel Floranus,Curaçao,PEC Zwolle,Países Bajos
Deveron Fonville,Curaçao,NEC Nijmegen,Países Bajos
Jurien Gaari,Curaçao,Abha Club,Arabia Saudita
Armando Obispo,Curaçao,PSV Eindhoven,Países Bajos
Shurandy Sambo,Curaçao,Sparta Rotterdam,Países Bajos
Juninho Bacuna,Curaçao,FC Volendam,Países Bajos
Leandro Bacuna,Curaçao,Igdir,Turquía
Livano Comenencia,Curaçao,FC Zurich,Suiza
Kevin Felida,Curaçao,FC Den Bosch,Países Bajos
Ar'jany Martha,Curaçao,Rotherham United,Inglaterra
Tyrese Noslin,Curaçao,SC Telstar,Países Bajos
Godfried Roemeratoe,Curaçao,RKC Waalwijk,Países Bajos
Jeremy Antonisse,Curaçao,AE Kifisia,Grecia
Tahith Chong,Curaçao,Sheffield United,Inglaterra
Kenji Gorre,Curaçao,Maccabi Haifa,Israel
Sontje Hansen,Curaçao,Middlesbrough,Inglaterra
Gervane Kastaneer,Curaçao,Terengganu,Malasia
Brandley Kuwas,Curaçao,FC Volendam,Países Bajos
Jurgen Locadia,Curaçao,Miami FC,Estados Unidos
Jearl Margaritha,Curaçao,SK Beveren,Bélgica
David Raya,España,Arsenal,Inglaterra
Joan García,España,Barcelona,España
Unai Simón,España,Athletic Bilbao,España
Marc Pubill,España,Atletico de Madrid,España
Alex Grimaldo,España,Bayer Leverkusen,Alemania
Eric García,España,Barcelona,España
Marcos Llorente,España,Atletico de Madrid,España
Pedro Porro,España,Tottenham Hotspur,Inglaterra
Aymeric Laporte,España,Athletic Bilbao,España
Pau Cubarsí,España,Barcelona,España
Marc Cucurella,España,Chelsea,Inglaterra
Rodri,España,Manchester City,Inglaterra
Martin Zubimendi,España,Arsenal,Inglaterra
Mikel Merino,España,Arsenal,Inglaterra
Pedri,España,Barcelona,España
Gavi,España,Barcelona,España
Fabián Ruiz,España,Paris Saint-Germain,Francia
Álex Baena,España,Atletico de Madrid,España
Lamine Yamal,España,Barcelona,España
Mikel Oyarzabal,España,Real Sociedad,España
Sergio Rochet,Uruguay,Internacional,Brasil
Santiago Mele,Uruguay,Monterrey,México
Fernando Muslera,Uruguay,Estudiantes,Argentina
José María Giménez,Uruguay,Atletico de Madrid,España
Sebastián Cáceres,Uruguay,América,México
Ronald Araujo,Uruguay,Barcelona,España
Guillermo Varela,Uruguay,Flamengo,Brasil
Mathías Olivera,Uruguay,Napoli,Italia
Matías Viña,Uruguay,Flamengo,Brasil
Santiago Bueno,Uruguay,Wolverhampton Wanderers,Inglaterra
Joaquín Piquerez,Uruguay,Palmeiras,Brasil
Manuel Ugarte,Uruguay,Manchester United,Inglaterra
Emiliano Martínez,Uruguay,Palmeiras,Brasil
Rodrigo Bentancur,Uruguay,Tottenham Hotspur,Inglaterra
Federico Valverde,Uruguay,Real Madrid,España
Agustín Canobbio,Uruguay,Fluminense,Brasil
Juan Manuel Sanabria,Uruguay,Atletico San Luis,México
Giorgian de Arrascaeta,Uruguay,Flamengo,Brasil
Nicolás de la Cruz,Uruguay,Flamengo,Brasil
Rodrigo Zalazar,Uruguay,Braga,Portugal
Rodrigo Aguirre,Uruguay,Club América,México
Federico Viñas,Uruguay,Real Oviedo,España
Darwin Núñez,Uruguay,Al Hilal,Arabia Saudita
Emiliano Martínez,Argentina,Aston Villa,Inglaterra
Gerónimo Rulli,Argentina,Marseille,Francia
Juan Musso,Argentina,Atlético Madrid,España
Gonzalo Montiel,Argentina,River Plate,Argentina
Nahuel Molina,Argentina,Atlético Madrid,España
Lisandro Martínez,Argentina,Manchester United,Inglaterra
Nicolás Otamendi,Argentina,Benfica,Portugal
Marcos Senesi,Argentina,Tottenham Hotspur,Inglaterra
Cristian Romero,Argentina,Tottenham Hotspur,Inglaterra
Facundo Medina,Argentina,Marseille,Francia
Nicolás Tagliafico,Argentina,Lyon,Francia
Leandro Paredes,Argentina,Boca Juniors,Argentina
Rodrigo De Paul,Argentina,Inter Miami,Estados Unidos
Exequiel Palacios,Argentina,Bayer Leverkusen,Alemania
Enzo Fernández,Argentina,Chelsea,Inglaterra
Alexis Mac Allister,Argentina,Liverpool,Inglaterra
Giovani Lo Celso,Argentina,Real Betis,España
Valentín Barco,Argentina,Strasbourg,Francia
Lionel Messi,Argentina,Inter Miami,Estados Unidos
Nicolás Paz,Argentina,Como 1907,Italia
Thiago Almada,Argentina,Atlético de Madrid,España
Nicolás González,Argentina,Atlético de Madrid,España
Giuliano Simeone,Argentina,Atlético de Madrid,España
Lautaro Martínez,Argentina,Inter de Milán,Italia
José Manuel López,Argentina,Palmeiras,Brasil
Julián Álvarez,Argentina,Atlético de Madrid,España
Luca Zidane,Argelia,Granada,España
Ousmane Benbot,Argelia,USM Alger,Argelia
Melvin Mastil,Argelia,Stade Nyonnais,Suiza
Rafik Belghali,Argelia,Hellas Verona,Italia
Samir Chergui,Argelia,Paris FC,Francia
Rayan Ait-Nouri,Argelia,Manchester City,Inglaterra
Jaouen Hadjam,Argelia,Young Boys,Suiza
Aissa Mandi,Argelia,Lille,Francia
Ramy Bensebaini,Argelia,Borussia Dortmund,Alemania
Zinedine Belaid,Argelia,Kabylie,Argelia
Mohamed Amine Tougaï,Argelia,Espérance de Tunis,Túnez
Achraf Abada,Argelia,USM Alger,Argelia
Nabil Bentaleb,Argelia,Lille,Francia
Hicham Boudaoui,Argelia,OGC Nice,Francia
Houssem Aouar,Argelia,Al-Ittihad,Arabia Saudita
Fares Chaibi,Argelia,Eintracht Frankfurt,Alemania
Ibrahim Maza,Argelia,Bayer Leverkusen,Alemania
Yacine Titraoui,Argelia,Royal Charleroi,Bélgica
Ramiz Zerrouki,Argelia,Twente,Países Bajos
Mohamed Amine Amoura,Argelia,VfL Wolfsburg,Alemania
Nadhir Benbouali,Argelia,Győr,Hungría
Adil Boulbina,Argelia,Al-Duhail,Catar
Fares Ghedjemis,Argelia,Frosinone,Italia
Amine Gouiri,Argelia,Olympique de Marseille,Francia
Anis Hadj Moussa,Argelia,Feyenoord,Países Bajos
Riyad Mahrez,Argelia,Al-Ahli,Arabia Saudita
Patrick Pentz,Austria,Brøndby,Dinamarca
Alexander Schlager,Austria,Red Bull Salzburg,Austria
Florian Wiegele,Austria,Viktoria Plzeň,República Checa
David Affengruber,Austria,Elche,España
David Alaba,Austria,Real Madrid,España
Kevin Danso,Austria,Tottenham Hotspur,Inglaterra
Marco Friedl,Austria,Werder Bremen,Alemania
Philipp Lienhart,Austria,SC Freiburg,Alemania
Phillipp Mwene,Austria,Mainz 05,Alemania
Stefan Posch,Austria,Como,Italia
Alexander Prass,Austria,TSG Hoffenheim,Alemania
Michael Svoboda,Austria,Venezia,Italia
Christoph Baumgartner,Austria,RB Leipzig,Alemania
Carney Chukwuemeka,Austria,Borussia Dortmund,Alemania
Florian Grillitsch,Austria,SC Braga,Portugal
Konrad Laimer,Austria,Bayern Múnich,Alemania
Marcel Sabitzer,Austria,Borussia Dortmund,Alemania
Xaver Schlager,Austria,RB Leipzig,Alemania
Nicolas Seiwald,Austria,RB Leipzig,Alemania
Romano Schmid,Austria,Werder Bremen,Alemania
Alessandro Schöpf,Austria,Wolfsberger AC,Austria
Marko Arnautovic,Austria,Crvena Zvezda,Serbia
Michael Gregoritsch,Austria,Augsburg,Alemania
Sasa Kalajdzic,Austria,LASK,Austria
Matthieu Epolo,República Democrática del Congo,Standard Liege,Bélgica
Timothy Fayulu,República Democrática del Congo,FC Noah,Armenia
Lionel Mpasi,República Democrática del Congo,Le Havre,Francia
Dylan Batubinsika,República Democrática del Congo,Larisa,Grecia
Rocky Bushiri,República Democrática del Congo,Hibernian,Escocia
Gedeon Kalulu,República Democrática del Congo,Aris Limassol,Chipre
Steve Kapuadi,República Democrática del Congo,Widzew Lodz,Polonia
Joris Kayembe,República Democrática del Congo,Racing Genk,Bélgica
Arthur Masuaku,República Democrática del Congo,Lens,Francia
Chancel Mbemba,República Democrática del Congo,Lille,Francia
Axel Tuanzebe,República Democrática del Congo,Burnley,Inglaterra
Aaron Wan-Bissaka,República Democrática del Congo,West Ham United,Inglaterra
Theo Bongonda,República Democrática del Congo,Spartak Moscú,Rusia
Brian Cipenga,República Democrática del Congo,Castellon,España
Meshack Elia,República Democrática del Congo,Alanyaspor,Turquía
Gael Kakuta,República Democrática del Congo,Larisa,Grecia
Edo Kayembe,República Democrática del Congo,Watford,Inglaterra
Nathanael Mbuku,República Democrática del Congo,Montpellier,Francia
Samuel Moutoussamy,República Democrática del Congo,Atromitos,Grecia
Ngal'ayel Mukau,República Democrática del Congo,Lille,Francia
Charles Pickel,República Democrática del Congo,Espanyol,España
Noah Sadiki,República Democrática del Congo,Sunderland,Inglaterra
Cedric Bakambu,República Democrática del Congo,Real Betis,España
Simon Banza,República Democrática del Congo,Al Jazira,Emiratos Árabes Unidos
Fiston Mayele,República Democrática del Congo,Pyramids,Egipto
Yoane Wissa,República Democrática del Congo,Newcastle United,Inglaterra
Benjamin Asare,Ghana,Accra Hearts of Oak,Ghana
Lawrence Ati-Zigi,Ghana,St. Gallen,Suiza
Joseph Anang,Ghana,St Patrick's Athletic,Irlanda
Baba Abdul Rahman,Ghana,PAOK,Grecia
Gideon Mensah,Ghana,Auxerre,Francia
Marvin Senaya,Ghana,Auxerre,Francia
Alidu Seidu,Ghana,Rennes,Francia
Abdul Mumin,Ghana,Rayo Vallecano,España
Jerome Opoku,Ghana,İstanbul Başakşehir,Turquía
Jonas Adjetey,Ghana,VfL Wolfsburg,Alemania
Kojo Oppong Peprah,Ghana,Nice,Francia
Elisha Owusu,Ghana,Auxerre,Francia
Thomas Partey,Ghana,Villarreal,España
Kwasi Sibo,Ghana,Real Oviedo,España
Augustine Boakye,Ghana,Saint-Étienne,Francia
Caleb Yirenkyi,Ghana,Nordsjælland,Dinamarca
Abdul Fatawu Issahaku,Ghana,Leicester City,Inglaterra
Kamaldeen Sulemana,Ghana,Atalanta,Italia
Christopher Bonsu Baah,Ghana,Al-Qadsiah,Arabia Saudita
Brandon Thomas-Asante,Ghana,Coventry City,Inglaterra
Prince Kwabena Adu,Ghana,Viktoria Plzeň,República Checa
Ernest Nuamah,Ghana,Lyon,Francia
Antoine Semenyo,Ghana,Manchester City,Inglaterra
Inaki Williams,Ghana,Athletic Bilbao,España
Jordan Ayew,Ghana,Leicester City,Inglaterra
Thibaut Courtois,Bélgica,Real Madrid,España
Senne Lammens,Bélgica,Manchester United,Inglaterra
Mike Penders,Bélgica,Strasbourg,Francia
Timothy Castagne,Bélgica,Fulham,Inglaterra
Zeno Debast,Bélgica,Sporting CP,Portugal
Maxim De Cuyper,Bélgica,Brighton,Inglaterra
Koni De Winter,Bélgica,AC Milan,Italia
Brandon Mechele,Bélgica,Club Brugge,Bélgica
Thomas Meunier,Bélgica,Lille,Francia
Nathan Ngoy,Bélgica,Lille,Francia
Joaquin Seys,Bélgica,Club Brugge,Bélgica
Arthur Theate,Bélgica,Eintracht Frankfurt,Alemania
Kevin De Bruyne,Bélgica,Napoli,Italia
Amadou Onana,Bélgica,Aston Villa,Inglaterra
Nicolas Raskin,Bélgica,Rangers,Escocia
Youri Tielemans,Bélgica,Aston Villa,Inglaterra
Hans Vanaken,Bélgica,Club Brugge,Bélgica
Axel Witsel,Bélgica,Girona,España
Charles De Ketelaere,Bélgica,Atalanta,Italia
Jérémy Doku,Bélgica,Manchester City,Inglaterra
Matias Fernandez-Pardo,Bélgica,Lille,Francia
Romelu Lukaku,Bélgica,Napoli,Italia
Dodi Lukebakio,Bélgica,Benfica,Portugal
Diego Moreira,Bélgica,Strasbourg,Francia
Alexis Saelemaekers,Bélgica,AC Milan,Italia
Leandro Trossard,Bélgica,Arsenal,Inglaterra
Mohamed El Shenawy,Egipto,Al Ahly,Egipto
Mostafa Shobeir,Egipto,Al Ahly,Egipto
El Mahdi Soliman,Egipto,Zamalek,Egipto
Mohamed Alaa,Egipto,El Gouna,Egipto
Mohamed Hany,Egipto,Al Ahly,Egipto
Tarek Alaa,Egipto,Zed FC,Egipto
Hamdy Fathy,Egipto,Al Wakrah,Catar
Ramy Rabia,Egipto,Al Ain,Emiratos Árabes Unidos
Yasser Ibrahim,Egipto,Al Ahly,Egipto
Hossam Abdelmaguid,Egipto,Zamalek,Egipto
Mohamed Abdelmonem,Egipto,Nice,Francia
Ahmed Fatouh,Egipto,Zamalek,Egipto
Karim Hafez,Egipto,Pyramids,Egipto
Marwan Attia,Egipto,Al Ahly,Egipto
Mohanad Lasheen,Egipto,Pyramids,Egipto
Nabil Emad,Egipto,Al Najma,Arabia Saudita
Mahmoud Saber,Egipto,Zed FC,Egipto
Ahmed Zizo,Egipto,Al Ahly,Egipto
Emam Ashour,Egipto,Al Ahly,Egipto
Mostafa Ziko,Egipto,Pyramids,Egipto
Mahmoud Trezeguet,Egipto,Al Ahly,Egipto
Ibrahim Adel,Egipto,Nordsjælland,Dinamarca
Haissem Hassan,Egipto,Real Oviedo,España
Omar Marmoush,Egipto,Manchester City,Inglaterra
Mohanad Salah,Egipto,Unattached,Sin equipo
Hamza Abdelkarim,Egipto,Barcelona,España
Alireza Beiranvand,Irán,Tractor,Irán
Hossein Hosseini,Irán,Sepahan,Irán
Payam Niazmand,Irán,Persepolis,Irán
Danial Eiri,Irán,Malavan,Irán
Ehsan Hajsafi,Irán,Sepahan,Irán
Saleh Hardani,Irán,Esteghlal,Irán
Hossein Kanaani,Irán,Persepolis,Irán
Shoja Khalilzadeh,Irán,Tractor,Irán
Milad Mohammadi,Irán,Persepolis,Irán
Ali Nemati,Irán,Foolad,Irán
Ramin Rezaeian,Irán,Foolad,Irán
Rouzbeh Cheshmi,Irán,Esteghlal,Irán
Saeid Ezatolahi,Irán,Shabab Al-Ahli,Emiratos Árabes Unidos
Mehdi Ghayedi,Irán,Al-Nasr,Emiratos Árabes Unidos
Saman Ghoddos,Irán,Kalba,Emiratos Árabes Unidos
Mohammad Ghorbani,Irán,Al-Wahda,Emiratos Árabes Unidos
Alireza Jahanbakhsh,Irán,Dender,Bélgica
Mohammad Mohebi,Irán,Rostov,Rusia
Amir Mohammad Razzaghinia,Irán,Esteghlal,Irán
Mehdi Torabi,Irán,Tractor,Irán
Aria Yousefi,Irán,Sepahan,Irán
Ali Alipour,Irán,Persepolis,Irán
Dennis Dargahi,Irán,Standard Liège,Bélgica
Amirhossein Hosseinzadeh,Irán,Tractor,Irán
Shahriyar Moghanlou,Irán,Kalba,Emiratos Árabes Unidos
Mehdi Taremi,Irán,Olympiacos,Grecia
Max Crocombe,Nueva Zelanda,Millwall,Inglaterra
Alex Paulsen,Nueva Zelanda,Lechia Gdansk,Polonia
Michael Woud,Nueva Zelanda,Auckland FC,Nueva Zelanda
Tim Payne,Nueva Zelanda,Wellington Phoenix,Nueva Zelanda
Francis De Vries,Nueva Zelanda,Auckland FC,Nueva Zelanda
Tyler Bindon,Nueva Zelanda,Nottingham Forest,Inglaterra
Michael Boxall,Nueva Zelanda,Minnesota United,Estados Unidos
Liberato Cacace,Nueva Zelanda,Wrexham,Inglaterra
Nando Pijnaker,Nueva Zelanda,Auckland FC,Nueva Zelanda
Finn Surman,Nueva Zelanda,Portland Timbers,Estados Unidos
Callan Elliot,Nueva Zelanda,Auckland FC,Nueva Zelanda
Tommy Smith,Nueva Zelanda,Braintree Town,Inglaterra
Joe Bell,Nueva Zelanda,Viking,Noruega
Marko Stamenic,Nueva Zelanda,Swansea City,Inglaterra
Alex Rufer,Nueva Zelanda,Wellington Phoenix,Nueva Zelanda
Ryan Thomas,Nueva Zelanda,PEC Zwolle,Países Bajos
Lachlan Bayliss,Nueva Zelanda,Newcastle Jets,Australia
Matt Garbett,Nueva Zelanda,NAC Breda,Países Bajos
Eli Just,Nueva Zelanda,Horsens,Dinamarca
Callum McCowatt,Nueva Zelanda,Silkeborg,Dinamarca
Ben Old,Nueva Zelanda,Saint-Étienne,Francia
Sarpreet Singh,Nueva Zelanda,Hansa Rostock,Alemania
Mat Ryan,Australia,Levante,España
Paul Izzo,Australia,Randers,Dinamarca
Patrick Beach,Australia,Melbourne City,Australia
Aziz Behich,Australia,Melbourne City,Australia
Jordan Bos,Australia,Feyenoord,Países Bajos
Cameron Burgess,Australia,Swansea City,Inglaterra
Alessandro Circati,Australia,Parma,Italia
Milos Degenek,Australia,APOEL Nicosia,Chipre
Jason Geria,Australia,Albirex Niigata,Japón
Lucas Herrington,Australia,Colorado Rapids,Estados Unidos
Jacob Italiano,Australia,Grazer AK,Austria
Harry Souttar,Australia,Sheffield United,Inglaterra
Kai Trewin,Australia,New York City FC,Estados Unidos
Cammy Devlin,Australia,Heart of Midlothian,Escocia
Ajdin Hrustic,Australia,Heracles Almelo,Países Bajos
Jackson Irvine,Australia,FC St. Pauli,Alemania
Connor Metcalfe,Australia,FC St. Pauli,Alemania
Paul Okon-Englster,Australia,Sydney FC,Australia
Aiden O'Neill,Australia,New York City FC,Estados Unidos
Nestor Irankunda,Australia,Bayern Múnich,Alemania
Mathew Leckie,Australia,Melbourne City,Australia
Awer Mabil,Australia,Castellón,España
Mohammed Toure,Australia,Randers FC,Dinamarca
Nishan Velupillay,Australia,Melbourne Victory,Australia
Cristiano Volpato,Australia,Sassuolo,Italia
Tete Yengi,Australia,Machida Zelvia,Japón
Hernan Galindez,Ecuador,Huracán,Argentina
Moises Ramirez,Ecuador,AE Kifisia,Grecia
Gonzalo Valle,Ecuador,LDU Quito,Ecuador
Piero Hincapie,Ecuador,Arsenal,Inglaterra
Willian Pacho,Ecuador,Paris Saint-Germain,Francia
Pervis Estupinan,Ecuador,AC Milan,Italia
Felix Torres,Ecuador,Internacional,Brasil
Joel Ordonez,Ecuador,Club Brugge,Bélgica
Jackson Porozo,Ecuador,Tijuana,México
Angelo Preciado,Ecuador,Atletico Mineiro,Brasil
Moises Caicedo,Ecuador,Chelsea,Inglaterra
Alan Franco,Ecuador,Atletico Mineiro,Brasil
Kendry Paez,Ecuador,River Plate,Argentina
Pedro Vite,Ecuador,UNAM Pumas,México
Jordy Alcivar,Ecuador,Independiente del Valle,Ecuador
Denil Castillo,Ecuador,Midtjylland,Dinamarca
Yaimar Medina,Ecuador,Genk,Bélgica
Enner Valencia,Ecuador,Pachuca,México
Kevin Rodriguez,Ecuador,Union Saint-Gilloise,Bélgica
Jordy Caicedo,Ecuador,Huracán,Argentina
Nilson Angulo,Ecuador,Sunderland,Inglaterra
Anthony Valencia,Ecuador,Antwerp,Bélgica
Jeremy Arevalo,Ecuador,Stuttgart,Alemania
Mark Flekken,Países Bajos,Bayer Leverkusen,Alemania
Robin Roefs,Países Bajos,Sunderland,Inglaterra
Bart Verbruggen,Países Bajos,Brighton,Inglaterra
Nathan Aké,Países Bajos,Manchester City,Inglaterra
Denzel Dumfries,Países Bajos,Inter de Milán,Italia
Jorrel Hato,Países Bajos,Chelsea,Inglaterra
Lutsharel Geertruida,Países Bajos,Sunderland,Inglaterra
Micky van de Ven,Países Bajos,Tottenham Hotspur,Inglaterra
Virgil van Dijk,Países Bajos,Liverpool,Inglaterra
Jan Paul van Hecke,Países Bajos,Brighton,Inglaterra
Mats Wieffer,Países Bajos,Brighton,Inglaterra
Frenkie de Jong,Países Bajos,Barcelona,España
Marten de Roon,Países Bajos,Atalanta,Italia
Ryan Gravenberch,Países Bajos,Liverpool,Inglaterra
Justin Kluivert,Países Bajos,Bournemouth,Inglaterra
Teun Koopmeiners,Países Bajos,Juventus,Italia
Tijjani Reijnders,Países Bajos,Manchester City,Inglaterra
Guus Til,Países Bajos,PSV Eindhoven,Países Bajos
Quinten Timber,Países Bajos,Olympique de Marseille,Francia
Brian Brobbey,Países Bajos,Sunderland,Inglaterra
Memphis Depay,Países Bajos,Corinthians,Brasil
Cody Gakpo,Países Bajos,Liverpool,Inglaterra
Noa Lang,Países Bajos,Galatasaray,Turquía
Donyell Malen,Países Bajos,Roma,Italia
Crysencio Summerville,Países Bajos,West Ham United,Inglaterra
Wout Weghorst,Países Bajos,Ajax,Países Bajos
Zion Suzuki,Japón,Parma,Italia
Keisuke Osako,Japón,Sanfrecce Hiroshima,Japón
Tomoki Hayakawa,Japón,Kashima Antlers,Japón
Yuto Nagatomo,Japón,FC Tokyo,Japón
Takehiro Tomiyasu,Japón,Ajax,Países Bajos
Ko Itakura,Japón,Ajax,Países Bajos
Hiroki Ito,Japón,Bayern Múnich,Alemania
Yukinari Sugawara,Japón,Werder Bremen,Alemania
Shogo Taniguchi,Japón,Sint-Truiden,Bélgica
Tsuyoshi Watanabe,Japón,Feyenoord,Países Bajos
Ayumu Seko,Japón,Le Havre,Francia
Junnosuke Suzuki,Japón,Copenhagen,Dinamarca
Wataru Endo,Japón,Liverpool,Inglaterra
Takefusa Kubo,Japón,Real Sociedad,España
Ritsu Doan,Japón,Eintracht Frankfurt,Alemania
Daichi Kamada,Japón,Crystal Palace,Inglaterra
Ao Tanaka,Japón,Leeds United,Inglaterra
Keito Nakamura,Japón,Reims,Francia
Junya Ito,Japón,Genk,Bélgica
Kaishu Sano,Japón,Mainz 05,Alemania
Viktor Johansson,Suecia,Stoke City,Inglaterra
Kristoffer Nordfeldt,Suecia,AIK,Suecia
Jacob Widell Zetterström,Suecia,Derby County,Inglaterra
Hjalmar Ekdal,Suecia,Burnley,Inglaterra
Gabriel Gudmundsson,Suecia,Leeds United,Inglaterra
Isak Hien,Suecia,Atalanta,Italia
Gustaf Lagerbielke,Suecia,Braga,Portugal
Victor Lindelöf,Suecia,Aston Villa,Inglaterra
Eric Smith,Suecia,FC St. Pauli,Alemania
Taha Ali,Suecia,Malmö FF,Suecia
Yasin Ayari,Suecia,Brighton,Inglaterra
Lucas Bergvall,Suecia,Tottenham Hotspur,Inglaterra
Jesper Karlström,Suecia,Udinese,Italia
Benjamin Nygren,Suecia,Celtic,Escocia
Ken Sema,Suecia,Pafos,Chipre
Mattias Svanberg,Suecia,Wolfsburg,Alemania
Besfort Zeneli,Suecia,Union Saint-Gilloise,Bélgica
Alexander Bernhardsson,Suecia,Holstein Kiel,Alemania
Anthony Elanga,Suecia,Newcastle United,Inglaterra
Viktor Gyökeres,Suecia,Arsenal,Inglaterra
Alexander Isak,Suecia,Liverpool,Inglaterra
Gustaf Nilsson,Suecia,Club Brugge,Bélgica
Sabri Ben Hassan,Túnez,Étoile du Sahel,Túnez
Abdelmouhib Chamakh,Túnez,Club Africain,Túnez
Aymen Dahmene,Túnez,CS Sfaxien,Túnez
Ali Abdi,Túnez,OGC Nice,Francia
Mohamed Amine Ben Hamida,Túnez,Espérance de Tunis,Túnez
Adem Arous,Túnez,Kasımpaşa,Turquía
Dylan Bronn,Túnez,Servette,Suiza
Raed Chikhaoui,Túnez,US Monastir,Túnez
Moutaz Neffati,Túnez,IFK Norrköping,Suecia
Omar Rekik,Túnez,Maribor,Eslovenia
Montassar Talbi,Túnez,Lorient,Francia
Yan Valery,Túnez,Young Boys,Suiza
Mortadha Ben Ouanes,Túnez,Kasımpaşa,Turquía
Anis Ben Slimane,Túnez,Norwich City,Inglaterra
Ismael Gharbi,Túnez,Augsburg,Alemania
Rani Khedira,Túnez,Union Berlin,Alemania
Hadj Mahmoud,Túnez,Lugano,Suiza
Hannibal Mejbri,Túnez,Burnley,Inglaterra
Ellyes Skhiri,Túnez,Eintracht Frankfurt,Alemania
Elias Achouri,Túnez,FC Copenhagen,Dinamarca
Khalil Ayari,Túnez,Lorient,Francia
Firas Chaouat,Túnez,Al-Ahli,Arabia Saudita
Rayan Elloumi,Túnez,US Monastir,Túnez
Hazem Mastouri,Túnez,US Monastir,Túnez
Elias Saad,Túnez,FC St. Pauli,Alemania
Sebastian Tounekti,Túnez,Haugesund,Noruega
Roberto Fernandez,Paraguay,Cerro Porteño,Paraguay
Orlando Gill,Paraguay,San Lorenzo,Argentina
Gaston Olveira,Paraguay,Olimpia,Paraguay
Gustavo Gomez,Paraguay,Palmeiras,Brasil
Junior Alonso,Paraguay,Atlético Mineiro,Brasil
Fabian Balbuena,Paraguay,Grêmio,Brasil
Omar Alderete,Paraguay,Sunderland,Inglaterra
Juan Caceres,Paraguay,Dynamo Moscú,Rusia
Jose Canale,Paraguay,Lanús,Argentina
Alexandro Maidana,Paraguay,Talleres,Argentina
Gustavo Velazquez,Paraguay,Cerro Porteño,Paraguay
Andres Cubas,Paraguay,Vancouver Whitecaps,Canadá
Diego Gomez,Paraguay,Brighton & Hove Albion,Inglaterra
Damian Bobadilla,Paraguay,São Paulo,Brasil
Braian Ojeda,Paraguay,Orlando City,Estados Unidos
Matias Galarza,Paraguay,Atlanta United,Estados Unidos
Mauricio Magalhaes,Paraguay,Palmeiras,Brasil
Miguel Almiron,Paraguay,Atlanta United,Estados Unidos
Ramon Sosa,Paraguay,Palmeiras,Brasil
Antonio Sanabria,Paraguay,Cremonese,Italia
Julio Enciso,Paraguay,Strasbourg,Francia
Gabriel Avalos,Paraguay,Independiente,Argentina
Alex Arce,Paraguay,Independiente Rivadavia,Argentina
Isidro Pitta,Paraguay,Red Bull Bragantino,Brasil
Gustavo Caballero,Paraguay,Portsmouth,Inglaterra
Yahia Fofana,Costa de Marfil,Çaykur Rizespor,Turquía
Mohamed Koné,Costa de Marfil,Royal Charleroi,Bélgica
Alban Lafont,Costa de Marfil,Panathinaikos,Grecia
Emmanuel Agbadou,Costa de Marfil,Beşiktaş,Turquía
Clément Akpa,Costa de Marfil,Auxerre,Francia
Ousmane Diomandé,Costa de Marfil,Sporting CP,Portugal
Guéla Doué,Costa de Marfil,Strasbourg,Francia
Ghislain Konan,Costa de Marfil,Gil Vicente,Portugal
Odilon Kossounou,Costa de Marfil,Atalanta,Italia
Evan Ndicka,Costa de Marfil,AS Roma,Italia
Wilfried Singo,Costa de Marfil,Galatasaray,Turquía
Seko Fofana,Costa de Marfil,FC Porto,Portugal
Parfait Guiagon,Costa de Marfil,Sporting Charleroi,Bélgica
Christ Inao Oulaï,Costa de Marfil,Trabzonspor,Turquía
Franck Kessié,Costa de Marfil,Al-Ahli,Arabia Saudita
Ibrahim Sangaré,Costa de Marfil,Nottingham Forest,Inglaterra
Jean-Mickaël Seri,Costa de Marfil,NK Maribor,Eslovenia
Simon Adingra,Costa de Marfil,Monaco,Francia
Ange-Yoan Bonny,Costa de Marfil,Inter de Milán,Italia
Amad Diallo,Costa de Marfil,Manchester United,Inglaterra
Oumar Diakite,Costa de Marfil,Cercle Brugge,Bélgica
Yan Diomande,Costa de Marfil,RB Leipzig,Alemania
Evann Guessand,Costa de Marfil,Aston Villa,Inglaterra
Nicolas Pepe,Costa de Marfil,Villarreal,España
Bazoumana Toure,Costa de Marfil,Hoffenheim,Alemania
Elye Wahi,Costa de Marfil,Nice,Francia
Ryan Christie,Escocia,Bournemouth,Inglaterra
Findlay Curtis,Escocia,Rangers,Escocia
Lewis Ferguson,Escocia,Bologna,Italia
Ben Gannon-Doak,Escocia,Liverpool,Inglaterra
Billy Gilmour,Escocia,Napoli,Italia
John McGinn,Escocia,Aston Villa,Inglaterra
Kenny McLean,Escocia,Norwich City,Inglaterra
Scott McTominay,Escocia,Napoli,Italia
Che Adams,Escocia,Torino,Italia
Lyndon Dykes,Escocia,Birmingham City,Inglaterra
George Hirst,Escocia,Ipswich Town,Inglaterra
Lawrence Shankland,Escocia,Hearts,Escocia
Ross Stewart,Escocia,Southampton,Inglaterra
Luka Modric,Croacia,Real Madrid,España
Mateo Kovacic,Croacia,Manchester City,Inglaterra
Mario Pasalic,Croacia,Atalanta,Italia
Nikola Vlasic,Croacia,Torino,Italia
Luka Sucic,Croacia,Real Sociedad,España
Martin Baturina,Croacia,Dinamo Zagreb,Croacia
Kristijan Jakic,Croacia,Augsburg,Alemania
Petar Sucic,Croacia,Dinamo Zagreb,Croacia
Nikola Moro,Croacia,Bologna,Italia
Toni Fruk,Croacia,Rijeka,Croacia
Ivan Perisic,Croacia,Hajduk Split,Croacia
Andrej Kramaric,Croacia,Hoffenheim,Alemania
Ante Budimir,Croacia,Osasuna,España
Marco Pasalic,Croacia,Rijeka,Croacia
Petar Musa,Croacia,FC Dallas,Estados Unidos
Igor Matanovic,Croacia,Eintracht Frankfurt,Alemania
Orlando Mosquera,Panamá,Al-Fayha,Arabia Saudita
Mike Maignan,Francia,AC Milan,Italia
Robin Risser,Francia,RC Lens,Francia
Brice Samba,Francia,RC Lens,Francia
Lucas Digne,Francia,Aston Villa,Inglaterra
Malo Gusto,Francia,Chelsea,Inglaterra
Lucas Hernandez,Francia,Paris Saint-Germain,Francia
Theo Hernandez,Francia,Al-Hilal,Arabia Saudita
Ibrahima Konate,Francia,Liverpool,Inglaterra
Jules Kounde,Francia,Barcelona,España
Maxence Lacroix,Francia,Crystal Palace,Inglaterra
William Saliba,Francia,Arsenal,Inglaterra
Dayot Upamecano,Francia,Bayern Múnich,Alemania
N'Golo Kante,Francia,Fenerbahçe,Turquía
Manu Kone,Francia,Roma,Italia
Adrien Rabiot,Francia,AC Milan,Italia
Aurelien Tchouameni,Francia,Real Madrid,España
Warren Zaire-Emery,Francia,Paris Saint-Germain,Francia
Maghnes Akliouche,Francia,Monaco,Francia
Bradley Barcola,Francia,Paris Saint-Germain,Francia
Rayan Cherki,Francia,Manchester City,Inglaterra
Ousmane Dembele,Francia,Paris Saint-Germain,Francia
Desire Doue,Francia,Paris Saint-Germain,Francia
Jean-Philippe Mateta,Francia,Crystal Palace,Inglaterra
Kylian Mbappe,Francia,Real Madrid,España
Michael Olise,Francia,Bayern Múnich,Alemania
Marcus Thuram,Francia,Inter de Milán,Italia
Dean Henderson,Inglaterra,Crystal Palace,Inglaterra
Jordan Pickford,Inglaterra,Everton,Inglaterra
James Trafford,Inglaterra,Burnley,Inglaterra
Dan Burn,Inglaterra,Newcastle United,Inglaterra
Marc Guehi,Inglaterra,Crystal Palace,Inglaterra
Reece James,Inglaterra,Chelsea,Inglaterra
Ezri Konsa,Inglaterra,Aston Villa,Inglaterra
Tino Livramento,Inglaterra,Newcastle United,Inglaterra
Nico O'Reilly,Inglaterra,Manchester City,Inglaterra
Jarell Quansah,Inglaterra,Liverpool,Inglaterra
Djed Spence,Inglaterra,Genoa,Italia
John Stones,Inglaterra,Manchester City,Inglaterra
Elliott Anderson,Inglaterra,Nottingham Forest,Inglaterra
Jude Bellingham,Inglaterra,Real Madrid,España
Eberechi Eze,Inglaterra,Crystal Palace,Inglaterra
Jordan Henderson,Inglaterra,Ajax,Países Bajos
Kobbie Mainoo,Inglaterra,Manchester United,Inglaterra
Declan Rice,Inglaterra,Arsenal,Inglaterra
Morgan Rogers,Inglaterra,Aston Villa,Inglaterra
Anthony Gordon,Inglaterra,Newcastle United,Inglaterra
Harry Kane,Inglaterra,Bayern Múnich,Alemania
Noni Madueke,Inglaterra,Chelsea,Inglaterra
Marcus Rashford,Inglaterra,Manchester United,Inglaterra
Bukayo Saka,Inglaterra,Arsenal,Inglaterra
Ivan Toney,Inglaterra,Al-Ahli,Arabia Saudita
Ollie Watkins,Inglaterra,Aston Villa,Inglaterra
Diogo Costa,Portugal,FC Porto,Portugal
José Sá,Portugal,Wolverhampton Wanderers,Inglaterra
Rui Silva,Portugal,Sporting CP,Portugal
Nélson Semedo,Portugal,Fenerbahçe SK,Turquía
Rúben Dias,Portugal,Manchester City,Inglaterra
Tomás Araújo,Portugal,SL Benfica,Portugal
Diogo Dalot,Portugal,Manchester United,Inglaterra
Renato Veiga,Portugal,Villarreal,España
Gonçalo Inácio,Portugal,Sporting CP,Portugal
João Cancelo,Portugal,FC Barcelona,España
Nuno Mendes,Portugal,Paris Saint-Germain,Francia
Matheus Nunes,Portugal,Manchester City,Inglaterra
Bruno Fernandes,Portugal,Manchester United,Inglaterra
Bernardo Silva,Portugal,Manchester City,Inglaterra
João Neves,Portugal,Paris Saint-Germain,Francia
Rúben Neves,Portugal,Al Hilal,Arabia Saudita
Vitinha,Portugal,Paris Saint-Germain,Francia
Samuel Costa,Portugal,Mallorca,España
Cristiano Ronaldo,Portugal,Al Nassr,Arabia Saudita
Gonçalo Ramos,Portugal,Paris Saint-Germain,Francia
João Félix,Portugal,Al Nassr,Arabia Saudita
Francisco Trincão,Portugal,Sporting CP,Portugal
Rafael Leão,Portugal,AC Milan,Italia
Pedro Neto,Portugal,Chelsea,Inglaterra
Gonçalo Guedes,Portugal,Real Sociedad,España
Francisco Conceição,Portugal,Juventus,Italia
David Ospina,Colombia,Atlético Nacional,Colombia
Camilo Vargas,Colombia,Atlas,México
Álvaro Montero,Colombia,Millonarios,Colombia
Daniel Muñoz,Colombia,Crystal Palace,Inglaterra
Jhon Lucumí,Colombia,Bologna,Italia
Santiago Arias,Colombia,Bahia,Brasil
Yerry Mina,Colombia,Cruzeiro,Brasil
Gustavo Puerta,Colombia,Bayer Leverkusen,Alemania
Johan Mojica,Colombia,Mallorca,España
Willer Ditta,Colombia,Cruz Azul,México
Deiver Machado,Colombia,Lens,Francia
Davinson Sánchez,Colombia,Galatasaray,Turquía
Kevin Castaño,Colombia,Krasnodar,Rusia
Richard Ríos,Colombia,Palmeiras,Brasil
Jorge Carrascal,Colombia,Dynamo Moscú,Rusia
James Rodríguez,Colombia,Rayo Vallecano,España
Jhon Arias,Colombia,Fluminense,Brasil
Juan Portilla,Colombia,Talleres,Argentina
Jefferson Lerma,Colombia,Crystal Palace,Inglaterra
Juan Fernando Quintero,Colombia,Racing,Argentina
Jaminton Campaz,Colombia,Rosario Central,Argentina
Luis Díaz,Colombia,Bayern Múnich,Alemania
Jhon Córdoba,Colombia,Krasnodar,Rusia
Cucho Hernández,Colombia,Columbus Crew,Estados Unidos
Luis Suárez,Colombia,Almería,España
Andrés Gómez,Colombia,Rennes,Francia
Mory Diaw,Senegal,Le Havre AC,Francia
Yehvann Diouf,Senegal,OGC Nice,Francia
Edouard Mendy,Senegal,Al-Ahli,Arabia Saudita
Krepin Diatta,Senegal,AS Monaco,Francia
El Hadji Malick Diouf,Senegal,West Ham United,Inglaterra
Ismail Jakobs,Senegal,Galatasaray SK,Turquía
Kalidou Koulibaly,Senegal,Al-Hilal,Arabia Saudita
Antoine Mendy,Senegal,OGC Nice,Francia
Moussa Niakhate,Senegal,Lyon,Francia
Mamadou Sarr,Senegal,Chelsea,Inglaterra
Abdoulaye Seck,Senegal,Maccabi Haifa,Israel
Lamine Camara,Senegal,AS Monaco,Francia
Pathe Ciss,Senegal,Rayo Vallecano,España
Habib Diarra,Senegal,Sunderland,Inglaterra
Idrissa Gana Gueye,Senegal,Everton,Inglaterra
Pape Gueye,Senegal,Villarreal CF,España
Pape Matar Sarr,Senegal,Tottenham Hotspur,Inglaterra
Bara Sapoko Ndiaye,Senegal,Bayern Múnich,Alemania
Assane Diao,Senegal,Como,Italia
Bamba Dieng,Senegal,Lorient,Francia
Nicolas Jackson,Senegal,Chelsea,Inglaterra
Sadio Mane,Senegal,Al-Nassr,Arabia Saudita
Ibrahim Mbaye,Senegal,Paris Saint-Germain,Francia
Cherif Ndiaye,Senegal,Samsunspor,Turquía
Iliman Ndiaye,Senegal,Everton,Inglaterra
Ismaila Sarr,Senegal,Crystal Palace,Inglaterra
Uğurcan Çakır,Turquía,Galatasaray,Turquía
Altay Bayındır,Turquía,Manchester United,Inglaterra
Mert Günok,Turquía,Beşiktaş,Turquía
Ferdi Kadıoğlu,Turquía,Brighton,Inglaterra
Merih Demiral,Turquía,Al Ahli,Arabia Saudita
Zeki Çelik,Turquía,Roma,Italia
Ozan Kabak,Turquía,Hoffenheim,Alemania
Mert Müldür,Turquía,Fenerbahçe,Turquía
Abdulkerim Bardakcı,Turquía,Galatasaray,Turquía
Eren Elmalı,Turquía,Galatasaray,Turquía
Çağlar Söyüncü,Turquía,Fenerbahçe,Turquía
Samet Akaydin,Turquía,Rizespor,Turquía
Arda Güler,Turquía,Real Madrid,España
Can Uzun,Turquía,Eintracht Frankfurt,Alemania
Orkun Kökçü,Turquía,Beşiktaş,Turquía
Hakan Çalhanoğlu,Turquía,Inter de Milán,Italia
İsmail Yüksek,Turquía,Fenerbahçe,Turquía
Kaan Ayhan,Turquía,Galatasaray,Turquía
Salih Özcan,Turquía,Borussia Dortmund,Alemania
Kenan Yıldız,Turquía,Juventus,Italia
Barış Alper Yılmaz,Turquía,Galatasaray,Turquía
Kerem Aktürkoğlu,Turquía,Fenerbahçe,Turquía
Yunus Akgün,Turquía,Galatasaray,Turquía
Oğuz Aydın,Turquía,Fenerbahçe,Turquía
Deniz Gül,Turquía,Porto,Portugal
İrfan Can Kahveci,Turquía,Fenerbahçe,Turquía
Ørjan Nyland,Noruega,Sevilla,España
Egil Selvik,Noruega,Watford,Inglaterra
Sander Tangvik,Noruega,HSV,Alemania
Kristoffer Ajer,Noruega,Brentford,Inglaterra
Fredrik Bjørkan,Noruega,Bodø/Glimt,Noruega
Henrik Falchener,Noruega,Viking,Noruega
Sondre Langås,Noruega,Derby County,Inglaterra
Torbjørn Heggem,Noruega,Bologna,Italia
Marcus Holmgren Pedersen,Noruega,Torino,Italia
Julian Ryerson,Noruega,Borussia Dortmund,Alemania
David Møller Wolfe,Noruega,Wolverhampton Wanderers,Inglaterra
Leo Østigård,Noruega,Genoa,Italia
Thelo Aasgaard,Noruega,Rangers,Escocia
Fredrik Aursnes,Noruega,Benfica,Portugal
Patrick Berg,Noruega,Bodø/Glimt,Noruega
Sander Berge,Noruega,Fulham,Inglaterra
Oscar Bobb,Noruega,Fulham,Inglaterra
Jens Petter Hauge,Noruega,Bodø/Glimt,Noruega
Antonio Nusa,Noruega,RB Leipzig,Alemania
Andreas Schjelderup,Noruega,Benfica,Portugal
Morten Thorsby,Noruega,Cremonese,Italia
Kristian Thorstvedt,Noruega,Sassuolo,Italia
Martin Ødegaard,Noruega,Arsenal,Inglaterra
Erling Haaland,Noruega,Manchester City,Inglaterra
Jørgen Strand Larsen,Noruega,Crystal Palace,Inglaterra
Alexander Sørloth,Noruega,Atlético de Madrid,España
Nawaf Al Aqidi,Arabia Saudita,Al Nassr,Arabia Saudita
Mohamed Al Owais,Arabia Saudita,Al Ula,Arabia Saudita
Ahmed Al Kassar,Arabia Saudita,Al Qadsiah,Arabia Saudita
Abdulelah Al Amri,Arabia Saudita,Al Nassr,Arabia Saudita
Hassan Tambakti,Arabia Saudita,Al Hilal,Arabia Saudita
Jehad Thikri,Arabia Saudita,Al Qadsiah,Arabia Saudita
Ali Lajami,Arabia Saudita,Al Hilal,Arabia Saudita
Hadesh Kadesh,Arabia Saudita,Al Ittihad,Arabia Saudita
Saud Abdulhamid,Arabia Saudita,Lens,Francia
Mohammed Abu Al Shamat,Arabia Saudita,Al Qadsiah,Arabia Saudita
Ali Majrashi,Arabia Saudita,Al Ahli,Arabia Saudita
Moteb Al Harbi,Arabia Saudita,Al Hilal,Arabia Saudita
Nawaf Boushal,Arabia Saudita,Al Nassr,Arabia Saudita
Sultan Al-Ghannam,Arabia Saudita,Al Nassr,Arabia Saudita
Mohammed Kanno,Arabia Saudita,Al Hilal,Arabia Saudita
Abdullah Al Khaibari,Arabia Saudita,Al Nassr,Arabia Saudita
Ziyad Al Johani,Arabia Saudita,Al Ahli,Arabia Saudita
Nasser Al Dawsari,Arabia Saudita,Al Hilal,Arabia Saudita
Musab Al Juwayr,Arabia Saudita,Al Qadsiah,Arabia Saudita
Alaa Al Hajji,Arabia Saudita,NEOM SC,Arabia Saudita
Salem Al Dawsari,Arabia Saudita,Al Hilal,Arabia Saudita
Khalid Al Ghannam,Arabia Saudita,Al Ettifaq,Arabia Saudita
Ayman Yahya,Arabia Saudita,Al Nassr,Arabia Saudita
Feras Al Buraikan,Arabia Saudita,Al Ahli,Arabia Saudita
Saleh Al Shehri,Arabia Saudita,Al Ittihad,Arabia Saudita
Abdullah Al Hamdan,Arabia Saudita,Al Nassr,Arabia Saudita
Ahmed Basil,Irak,Al-Shorta,Irak
Jalal Hassan,Irak,Al-Zawraa,Irak
Fahad Talib,Irak,Al Talaba,Irak
Hussein Ali,Irak,Pogoń Szczecin,Polonia
Merchas Doski,Irak,Viktoria Plzeň,República Checa
Akam Hashem,Irak,Al-Zawraa,Irak
Frans Putros,Irak,Persib Bandung,Indonesia
Mustafa Saadoon,Irak,Al-Shorta,Irak
Rebin Sulaka,Irak,Port FC,Tailandia
Zaid Tahseen,Irak,Pakhtakor,Uzbekistán
Ahmed Yahya,Irak,Al-Shorta,Irak
Manaf Younis,Irak,Al-Shorta,Irak
Amir Al Ammari,Irak,Cracovia,Polonia
Youssef Amyn,Irak,AEK Larnaca,Chipre
Ibrahim Bayesh,Irak,Al-Dhafra,Emiratos Árabes Unidos
Marko Farji,Irak,Venezia,Italia
Zidane Iqbal,Irak,Utrecht,Países Bajos
Zaid Ismail,Irak,Al-Talaba,Irak
Ali Jassim,Irak,Como,Italia
Ahmed Qasim,Irak,Nashville SC,Estados Unidos
Aimar Sher,Irak,Sarpsborg 08,Noruega
Kevin Yakob,Irak,AGF Aarhus,Dinamarca
Mohanad Ali,Irak,Dibba,Emiratos Árabes Unidos
Aymen Hussein,Irak,Al-Karma,Irak
Ali Al Hamadi,Irak,Ipswich Town,Inglaterra
Ali Yousef,Irak,Al-Talaba,Irak
Utkir Yusupov,Uzbekistán,Navbahor,Uzbekistán
Abduvohid Nematov,Uzbekistán,Nasaf,Uzbekistán
Botirali Ergashev,Uzbekistán,Neftchi,Uzbekistán
Abduqodir Husanov,Uzbekistán,Manchester City,Inglaterra
Khojiakbar Alijonov,Uzbekistán,Pakhtakor,Uzbekistán
Farrukh Sayfiev,Uzbekistán,Neftchi,Uzbekistán
Rustamjon Ashurmatov,Uzbekistán,Esteghlal,Irán
Umrbek Eshmurodov,Uzbekistán,Nasaf,Uzbekistán
Sherzod Nasrullaev,Uzbekistán,Pakhtakor,Uzbekistán
Abdulla Abdullaev,Uzbekistán,Dibba,Emiratos Árabes Unidos
Avazbek Ulmasaliev,Uzbekistán,AGMK,Uzbekistán
Jakhongir Urozov,Uzbekistán,Dinamo,Uzbekistán
Behruz Karimov,Uzbekistán,Surkhon,Uzbekistán
Akmal Mozgovoy,Uzbekistán,Pakhtakor,Uzbekistán
Otabek Shukurov,Uzbekistán,Baniyas,Emiratos Árabes Unidos
Jamshid Iskanderov,Uzbekistán,Neftchi,Uzbekistán
Odiljon Khamrobekov,Uzbekistán,Traktor,Irán
Jaloliddin Masharipov,Uzbekistán,Esteghlal,Irán
Oston Urunov,Uzbekistán,Persepolis,Irán
Dostonbek Khamdamov,Uzbekistán,Pakhtakor,Uzbekistán
Azizjon Ganiev,Uzbekistán,Al Bataeh,Emiratos Árabes Unidos
Abbosbek Fayzullaev,Uzbekistán,İstanbul Başakşehir,Turquía
Sherzod Esanov,Uzbekistán,Bukhara,Uzbekistán
Eldor Shomurodov,Uzbekistán,İstanbul Başakşehir,Turquía
Igor Sergeev,Uzbekistán,Persepolis,Irán
Azizbek Amonov,Uzbekistán,Dinamo,Uzbekistán
Yazid Abulaila,Jordania,Al-Hussein,Jordania
Abdallah Al Fakhouri,Jordania,Al-Wehdat,Jordania
Nour Bani Attiah,Jordania,Al-Faisaly,Jordania
Ihsan Haddad,Jordania,Al-Hussein,Jordania
Mohammad Abualnadi,Jordania,Selangor,Malasia
Husam Abu Dahab,Jordania,Al-Samiya,Kuwait
Mohammad Abu Hashish,Jordania,Al-Karma,Jordania
Yazan Al Arab,Jordania,FC Seoul,Corea del Sur
Abdallah Nasib,Jordania,Al-Zawraa,Irak
Saleem Obaid,Jordania,Al-Hussein,Jordania
Saed Al-Rosan,Jordania,Al-Hussein,Jordania
Anas Badawi,Jordania,Al-Faisaly,Jordania
Mohannad Abu Taha,Jordania,Al-Quwa Al-Jawiya,Irak
Mohammad Al Dawoud,Jordania,Al-Wehdat,Jordania
Nizar Al Rashdan,Jordania,Qatar SC,Catar
Noor Al Rawabdeh,Jordania,Selangor,Malasia
Rajaei Ayed,Jordania,Al-Hussein,Jordania
Amer Jamous,Jordania,Al-Zawraa,Irak
Ibrahim Sadeh,Jordania,Al-Karma,Jordania
Mahmoud Al-Mardi,Jordania,Al-Hussein,Jordania
Musa Al Taamari,Jordania,Rennes,Francia
Ali Olwan,Jordania,Al-Sailiya,Catar
Odeh Al-Fakhouri,Jordania,Pyramids,Egipto
Mohammad Abu Zraiq,Jordania,Al-Hussein,Jordania
Ali Azaizeh,Jordania,Al-Shabab,Arabia Saudita
Ibrahim Sabra,Jordania,Lokomotiva Zagreb,Croacia
Josimar Dias (Vozinha),Cabo Verde,Chaves,Portugal
Márcio da Rosa,Cabo Verde,Montana,Bulgaria
Carlos Santos (CJ dos Santos),Cabo Verde,San Diego,Estados Unidos
Steven Moreira,Cabo Verde,Columbus Crew,Estados Unidos
Wagner Pina,Cabo Verde,Trabzonspor,Turquía
João Paulo Fernandes,Cabo Verde,FCSB,Rumania
Sidny Lopes Cabral,Cabo Verde,Benfica,Portugal
Logan Costa,Cabo Verde,Villarreal,España
Roberto Lopes (Pico),Cabo Verde,Shamrock Rovers,Irlanda
Kelvin Pires,Cabo Verde,SJK,Finlandia
Ianique Tavares (Stopira),Cabo Verde,Torreense,Portugal
Edilson Borges (Diney),Cabo Verde,Al Bataeh,Emiratos Árabes Unidos
Jamiro Monteiro,Cabo Verde,PEC Zwolle,Países Bajos
Telmo Arcanjo,Cabo Verde,Vitória de Guimarães,Portugal
Yannick Semedo,Cabo Verde,Farense,Portugal
Laros Duarte,Cabo Verde,Puskás Akadémia,Hungría
Deroy Duarte,Cabo Verde,Ludogorets Razgrad,Bulgaria
Kevin Pina,Cabo Verde,Krasnodar,Rusia
Ryan Mendes,Cabo Verde,Igdir,Turquía
Willy Semedo,Cabo Verde,Omonia Nicosia,Chipre
Garry Rodrigues,Cabo Verde,Apollon Limassol,Chipre
Jovane Cabral,Cabo Verde,Estrela Amadora,Portugal
Nuno da Costa,Cabo Verde,Basaksehir FK,Turquía
Dailon Livramento,Cabo Verde,Casa Pia,Portugal
Gilson Benchimol,Cabo Verde,Akron Tolyatti,Rusia
Hélio Varela,Cabo Verde,Maccabi Tel Aviv,Israel
Dominik Livaković,Croacia,Dinamo Zagreb,Croacia
Dominik Kotarski,Croacia,Copenhagen,Dinamarca
Ivor Pandur,Croacia,Hull City,Inglaterra
Joško Gvardiol,Croacia,Manchester City,Inglaterra
Duje Ćaleta-Car,Croacia,Real Sociedad,España
Josip Šutalo,Croacia,Ajax,Países Bajos
Josip Stanišić,Croacia,Bayern Múnich,Alemania
Marin Pongračić,Croacia,Fiorentina,Italia
Martin Erlić,Croacia,Midtjylland,Dinamarca
Luka Vušković,Croacia,Hamburg,Alemania
Dani Olmo,España,Barcelona,España
Nico Williams,España,Athletic Bilbao,España
Yéremy Pino,España,Crystal Palace,Inglaterra
Ferran Torres,España,Barcelona,España
Borja Iglesias,España,Celta de Vigo,España
Víctor Múñoz,España,Osasuna,España
Craig Gordon,Escocia,Hearts,Escocia
Angus Gunn,Escocia,Nottingham Forest,Inglaterra
Liam Kelly,Escocia,Rangers,Escocia
Grant Hanley,Escocia,Hibernian,Escocia
Jack Hendry,Escocia,Al-Ettifaq,Arabia Saudita
Aaron Hickey,Escocia,Brentford,Inglaterra
Dom Hyam,Escocia,Wrexham,Inglaterra
Scott McKenna,Escocia,Dinamo Zagreb,Croacia
Nathan Patterson,Escocia,Everton,Inglaterra
Anthony Ralston,Escocia,Celtic,Escocia
Andy Robertson,Escocia,Liverpool,Inglaterra
John Souttar,Escocia,Rangers,Escocia
Kieran Tierney,Escocia,Celtic,Escocia
Gonzalo Plata,Ecuador,Flamengo,Brasil
Alan Minda,Ecuador,Cercle Brugge,Bélgica
John Yeboah,Ecuador,Venezia,Italia
Yuito Suzuki,Japón,Freiburg,Alemania
Daizen Maeda,Japón,Celtic,Escocia
Ayase Ueda,Japón,Feyenoord,Países Bajos
Koki Ogawa,Japón,NEC Nijmegen,Países Bajos
Keisuke Goto,Japón,Sint-Truiden,Bélgica
Kento Shiogai,Japón,Wolfsburg,Alemania
Brian Rodríguez,Uruguay,Club América,México
Facundo Pellistri,Uruguay,Panathinaikos,Grecia
Maximiliano Araújo,Uruguay,Sporting CP,Portugal
Chris Wood,Nueva Zelanda,Nottingham Forest,Inglaterra
Kosta Barbarouses,Nueva Zelanda,Western Sydney Wanderers,Australia
Jesse Randall,Nueva Zelanda,Auckland FC,Nueva Zelanda
Ben Waine,Nueva Zelanda,Port Vale,Inglaterra
Paul Wanner,Austria,PSV,Países Bajos
Patrick Wimmer,Austria,VfL Wolfsburg,Alemania
Derrick Luckassen,Ghana,Pafos,Chipre
Alejandro Gamarra,Paraguay,Al-Ain,Emiratos Árabes Unidos
Carl Starfelt,Suecia,Celta de Vigo,España
Daniel Svensson,Suecia,Borussia Dortmund,Alemania
Elliot Stroud,Suecia,Mjällby AIF,Suecia
Herman Johansson,Suecia,FC Dallas,Estados Unidos
Luis Mejía,Panamá,Nacional,Uruguay
César Samudio,Panamá,Marathón,Honduras
César Blackman,Panamá,Slovan Bratislava,Eslovaquia
Jorge Gutiérrez,Panamá,Deportivo La Guaira,Venezuela
Amir Murillo,Panamá,Beşiktaş,Turquía
Fidel Escobar,Panamá,Saprissa,Costa Rica
Andrés Andrade,Panamá,LASK,Austria
Edgardo Fariña,Panamá,Pari Nizhniy Novgorod,Rusia
José Córdoba,Panamá,Norwich City,Inglaterra
Eric Davis,Panamá,Plaza Amador,Panamá
Jiovany Ramos,Panamá,Academia Puerto Cabello,Venezuela
Roderick Miller,Panamá,Turan Tovuz,Azerbaiyán
Aníbal Godoy,Panamá,San Diego FC,Estados Unidos
Carlos Harvey,Panamá,Minnesota United,Estados Unidos
Cristian Martínez,Panamá,Hapoel Ironi Kiryat Shmona,Israel
José Luis Rodríguez,Panamá,Juárez FC,México
César Yanis,Panamá,Cobresal,Chile
Yoel Bárcenas,Panamá,Mazatlán FC,México
Azarías Londoño,Panamá,Universidad Católica,Chile
Adalberto Carrasquilla,Panamá,Pumas UNAM,México
Alberto Quintero,Panamá,Plaza Amador,Panamá
Ismael Díaz,Panamá,Club León,México
Cecilio Waterman,Panamá,Universidad de Concepción,Chile
José Fajardo,Panamá,Universidad Católica,Ecuador
Tomás Rodríguez,Panamá,Saprissa,Costa Rica
